{"cameraMode":{"drawMode":0,"name":"Shaded","section":"Shading Mode"},"sceneLighting":false,"audioPlay":false,"sceneViewState":{"m_AlwaysRefresh":false,"showFog":true,"showSkybox":true,"showFlares":true,"showImageEffects":true,"showParticleSystems":true,"showVisualEffectGraphs":true,"m_FxEnabled":true},"in2DMode":false,"pivot":{"x":-121.09494018554688,"y":-35.77931213378906,"z":-2.827103614807129},"rotation":{"x":0.02969580516219139,"y":0.7534443736076355,"z":-0.046043094247579578,"w":0.6565247178077698},"size":53.497135162353519,"orthographic":false}