{"cameraMode":{"drawMode":0,"name":"Shaded","section":"Shading Mode"},"sceneLighting":false,"audioPlay":false,"sceneViewState":{"m_AlwaysRefresh":false,"showFog":true,"showSkybox":true,"showFlares":true,"showImageEffects":true,"showParticleSystems":true,"showVisualEffectGraphs":true,"m_FxEnabled":true},"in2DMode":false,"pivot":{"x":-1.4225597381591797,"y":8.176504135131836,"z":7.8384504318237309},"rotation":{"x":0.2496824413537979,"y":-0.0012662929948419333,"z":0.0005485935253091157,"w":0.9684851169586182},"size":15.990631103515625,"orthographic":false}