{"cameraMode":{"drawMode":0,"name":"Shaded","section":"Shading Mode"},"sceneLighting":false,"audioPlay":false,"sceneViewState":{"m_AlwaysRefresh":false,"showFog":true,"showSkybox":true,"showFlares":true,"showImageEffects":true,"showParticleSystems":true,"showVisualEffectGraphs":true,"m_FxEnabled":true},"in2DMode":false,"pivot":{"x":-133.59573364257813,"y":-15.104541778564454,"z":131.3895263671875},"rotation":{"x":-0.022063087671995164,"y":-0.9638033509254456,"z":0.18726196885108949,"w":-0.19462305307388307},"size":6.918739318847656,"orthographic":false}