{"cameraMode":{"drawMode":0,"name":"Shaded","section":"Shading Mode"},"sceneLighting":false,"audioPlay":false,"sceneViewState":{"m_AlwaysRefresh":false,"showFog":true,"showSkybox":true,"showFlares":true,"showImageEffects":true,"showParticleSystems":true,"showVisualEffectGraphs":true,"m_FxEnabled":true},"in2DMode":false,"pivot":{"x":-48.37269973754883,"y":-7.444858551025391,"z":30.688064575195314},"rotation":{"x":0.0016863869968801737,"y":-0.6706734299659729,"z":0.026351457461714746,"w":-0.7431344985961914},"size":2.7098302841186525,"orthographic":false}