{"cameraMode":{"drawMode":0,"name":"Shaded","section":"Shading Mode"},"sceneLighting":false,"audioPlay":false,"sceneViewState":{"m_AlwaysRefresh":false,"showFog":true,"showSkybox":true,"showFlares":true,"showImageEffects":true,"showParticleSystems":true,"showVisualEffectGraphs":true,"m_FxEnabled":true},"in2DMode":false,"pivot":{"x":-3.8366525173187258,"y":15.881014823913575,"z":36.00846862792969},"rotation":{"x":-0.004624542780220509,"y":-0.7842879891395569,"z":0.6204718351364136,"w":-0.00563012482598424},"size":13.490917205810547,"orthographic":false}